<?xml version="1.0" encoding="UTF-8"?>
<config xmlns="http://www.knime.org/2008/09/XMLConfig" xmlns:xsi="http://www.w3.org/2001/XMLSchema-instance" xsi:schemaLocation="http://www.knime.org/2008/09/XMLConfig http://www.knime.org/XMLConfig_2008_09.xsd" key="MiningSchema">
    <config key="learning">
        <entry key="array-size" type="xint" value="64"/>
        <entry key="0" type="xstring" value="data_usage_mb"/>
        <entry key="1" type="xstring" value="call_duration_min"/>
        <entry key="2" type="xstring" value="dropped_calls"/>
        <entry key="3" type="xstring" value="app_frequency"/>
        <entry key="4" type="xstring" value="age"/>
        <entry key="5" type="xstring" value="arpu"/>
        <entry key="6" type="xstring" value="tenure_months"/>
        <entry key="7" type="xstring" value="amount"/>
        <entry key="8" type="xstring" value="price"/>
        <entry key="9" type="xstring" value="validity_days"/>
        <entry key="10" type="xstring" value="data_limit_gb"/>
        <entry key="11" type="xstring" value="sms_limit"/>
        <entry key="12" type="xstring" value="latitude"/>
        <entry key="13" type="xstring" value="longitude"/>
        <entry key="14" type="xstring" value="signal_strength_dbm"/>
        <entry key="15" type="xstring" value="monthly_data_gb"/>
        <entry key="16" type="xstring" value="monthly_calls_min"/>
        <entry key="17" type="xstring" value="Postpaid_plan_type"/>
        <entry key="18" type="xstring" value="Basic_plan_type"/>
        <entry key="19" type="xstring" value="Unlimited_plan_type"/>
        <entry key="20" type="xstring" value="Premium_plan_type"/>
        <entry key="21" type="xstring" value="Prepaid_plan_type"/>
        <entry key="22" type="xstring" value="Social_app_category"/>
        <entry key="23" type="xstring" value="Utility_app_category"/>
        <entry key="24" type="xstring" value="Streaming_app_category"/>
        <entry key="25" type="xstring" value="Gaming_app_category"/>
        <entry key="26" type="xstring" value="Shopping_app_category"/>
        <entry key="27" type="xstring" value="Feature_device_type"/>
        <entry key="28" type="xstring" value="iOS_device_type"/>
        <entry key="29" type="xstring" value="Android_device_type"/>
        <entry key="30" type="xstring" value="Chennai_region_x"/>
        <entry key="31" type="xstring" value="Hyderabad_region_x"/>
        <entry key="32" type="xstring" value="Bangalore_region_x"/>
        <entry key="33" type="xstring" value="Mumbai_region_x"/>
        <entry key="34" type="xstring" value="Delhi_region_x"/>
        <entry key="35" type="xstring" value="Female_gender"/>
        <entry key="36" type="xstring" value="Male_gender"/>
        <entry key="37" type="xstring" value="UPI_payment_mode"/>
        <entry key="38" type="xstring" value="Wallet_payment_mode"/>
        <entry key="39" type="xstring" value="Cash_payment_mode"/>
        <entry key="40" type="xstring" value="Card_payment_mode"/>
        <entry key="41" type="xstring" value="Retail Store_recharge_channel"/>
        <entry key="42" type="xstring" value="App_recharge_channel"/>
        <entry key="43" type="xstring" value="Website_recharge_channel"/>
        <entry key="44" type="xstring" value="No_successful"/>
        <entry key="45" type="xstring" value="Yes_successful"/>
        <entry key="46" type="xstring" value="Regular_plan_category"/>
        <entry key="47" type="xstring" value="Economy_plan_category"/>
        <entry key="48" type="xstring" value="Ultra_plan_category"/>
        <entry key="49" type="xstring" value="Advanced_plan_category"/>
        <entry key="50" type="xstring" value="Standard_plan_category"/>
        <entry key="51" type="xstring" value="20% Cashback_promo_offer"/>
        <entry key="52" type="xstring" value="10% Off_promo_offer"/>
        <entry key="53" type="xstring" value="5G Access_promo_offer"/>
        <entry key="54" type="xstring" value="Free OTT_promo_offer"/>
        <entry key="55" type="xstring" value="15% Off_promo_offer"/>
        <entry key="56" type="xstring" value="3G_network_type"/>
        <entry key="57" type="xstring" value="4G_network_type"/>
        <entry key="58" type="xstring" value="5G_network_type"/>
        <entry key="59" type="xstring" value="No_outage_flag"/>
        <entry key="60" type="xstring" value="Yes_outage_flag"/>
        <entry key="61" type="xstring" value="Medium_usage_category"/>
        <entry key="62" type="xstring" value="High_usage_category"/>
        <entry key="63" type="xstring" value="Low_usage_category"/>
    </config>
    <config key="target">
        <entry key="array-size" type="xint" value="1"/>
        <entry key="0" type="xstring" value="complaint_flag_num"/>
    </config>
</config>
