<?xml version="1.0" encoding="UTF-8"?>
<config xmlns="http://www.knime.org/2008/09/XMLConfig" xmlns:xsi="http://www.w3.org/2001/XMLSchema-instance" xsi:schemaLocation="http://www.knime.org/2008/09/XMLConfig http://www.knime.org/XMLConfig_2008_09.xsd" key="model.xml">
    <entry key="version" type="xint" value="1"/>
    <entry key="class_name" type="xstring" value="org.knime.base.data.normalize.NormalizerPortObject"/>
    <config key="model">
        <config key="columns">
            <config key="data_usage_mb">
                <entry key="column_name" type="xstring" value="data_usage_mb"/>
                <entry key="column_scale" type="xdouble" value="0.001211387185442048"/>
                <entry key="column_translate" type="xdouble" value="-1.7548639323187685"/>
                <entry key="column_min" type="xdouble" value="NaN"/>
                <entry key="column_max" type="xdouble" value="NaN"/>
            </config>
            <config key="call_duration_min">
                <entry key="column_name" type="xstring" value="call_duration_min"/>
                <entry key="column_scale" type="xdouble" value="0.07711502049041523"/>
                <entry key="column_translate" type="xdouble" value="-1.6738085933527203"/>
                <entry key="column_min" type="xdouble" value="NaN"/>
                <entry key="column_max" type="xdouble" value="NaN"/>
            </config>
            <config key="dropped_calls">
                <entry key="column_name" type="xstring" value="dropped_calls"/>
                <entry key="column_scale" type="xdouble" value="0.6944141782391906"/>
                <entry key="column_translate" type="xdouble" value="-1.384198928623453"/>
                <entry key="column_min" type="xdouble" value="NaN"/>
                <entry key="column_max" type="xdouble" value="NaN"/>
            </config>
            <config key="app_frequency">
                <entry key="column_name" type="xstring" value="app_frequency"/>
                <entry key="column_scale" type="xdouble" value="0.07418298478119575"/>
                <entry key="column_translate" type="xdouble" value="-1.858531045384891"/>
                <entry key="column_min" type="xdouble" value="NaN"/>
                <entry key="column_max" type="xdouble" value="NaN"/>
            </config>
            <config key="age">
                <entry key="column_name" type="xstring" value="age"/>
                <entry key="column_scale" type="xdouble" value="0.09223759770788294"/>
                <entry key="column_translate" type="xdouble" value="-3.246148521999427"/>
                <entry key="column_min" type="xdouble" value="NaN"/>
                <entry key="column_max" type="xdouble" value="NaN"/>
            </config>
            <config key="arpu">
                <entry key="column_name" type="xstring" value="arpu"/>
                <entry key="column_scale" type="xdouble" value="0.0036781807632577748"/>
                <entry key="column_translate" type="xdouble" value="-2.157228496445596"/>
                <entry key="column_min" type="xdouble" value="NaN"/>
                <entry key="column_max" type="xdouble" value="NaN"/>
            </config>
            <config key="tenure_months">
                <entry key="column_name" type="xstring" value="tenure_months"/>
                <entry key="column_scale" type="xdouble" value="0.07621320137887808"/>
                <entry key="column_translate" type="xdouble" value="-2.6181775113690566"/>
                <entry key="column_min" type="xdouble" value="NaN"/>
                <entry key="column_max" type="xdouble" value="NaN"/>
            </config>
            <config key="amount">
                <entry key="column_name" type="xstring" value="amount"/>
                <entry key="column_scale" type="xdouble" value="0.00634160267018131"/>
                <entry key="column_translate" type="xdouble" value="-3.4815398659295407"/>
                <entry key="column_min" type="xdouble" value="NaN"/>
                <entry key="column_max" type="xdouble" value="NaN"/>
            </config>
            <config key="price">
                <entry key="column_name" type="xstring" value="price"/>
                <entry key="column_scale" type="xdouble" value="0.005009281934592038"/>
                <entry key="column_translate" type="xdouble" value="-2.362711312482578"/>
                <entry key="column_min" type="xdouble" value="NaN"/>
                <entry key="column_max" type="xdouble" value="NaN"/>
            </config>
            <config key="validity_days">
                <entry key="column_name" type="xstring" value="validity_days"/>
                <entry key="column_scale" type="xdouble" value="0.045074874378164"/>
                <entry key="column_translate" type="xdouble" value="-2.1816239199031378"/>
                <entry key="column_min" type="xdouble" value="NaN"/>
                <entry key="column_max" type="xdouble" value="NaN"/>
            </config>
            <config key="data_limit_gb">
                <entry key="column_name" type="xstring" value="data_limit_gb"/>
                <entry key="column_scale" type="xdouble" value="0.06123921957008236"/>
                <entry key="column_translate" type="xdouble" value="-1.5859387632252102"/>
                <entry key="column_min" type="xdouble" value="NaN"/>
                <entry key="column_max" type="xdouble" value="NaN"/>
            </config>
            <config key="sms_limit">
                <entry key="column_name" type="xstring" value="sms_limit"/>
                <entry key="column_scale" type="xdouble" value="0.0032736707765308143"/>
                <entry key="column_translate" type="xdouble" value="-1.852282097490085"/>
                <entry key="column_min" type="xdouble" value="NaN"/>
                <entry key="column_max" type="xdouble" value="NaN"/>
            </config>
            <config key="latitude">
                <entry key="column_name" type="xstring" value="latitude"/>
                <entry key="column_scale" type="xdouble" value="0.15805464571640926"/>
                <entry key="column_translate" type="xdouble" value="-3.1099885788798787"/>
                <entry key="column_min" type="xdouble" value="NaN"/>
                <entry key="column_max" type="xdouble" value="NaN"/>
            </config>
            <config key="longitude">
                <entry key="column_name" type="xstring" value="longitude"/>
                <entry key="column_scale" type="xdouble" value="0.19710450716369543"/>
                <entry key="column_translate" type="xdouble" value="-15.855480765261989"/>
                <entry key="column_min" type="xdouble" value="NaN"/>
                <entry key="column_max" type="xdouble" value="NaN"/>
            </config>
            <config key="signal_strength_dbm">
                <entry key="column_name" type="xstring" value="signal_strength_dbm"/>
                <entry key="column_scale" type="xdouble" value="0.10744818863180582"/>
                <entry key="column_translate" type="xdouble" value="7.196163353300805"/>
                <entry key="column_min" type="xdouble" value="NaN"/>
                <entry key="column_max" type="xdouble" value="NaN"/>
            </config>
            <config key="monthly_data_gb">
                <entry key="column_name" type="xstring" value="monthly_data_gb"/>
                <entry key="column_scale" type="xdouble" value="0.06255691402986616"/>
                <entry key="column_translate" type="xdouble" value="-2.10839452595329"/>
                <entry key="column_min" type="xdouble" value="NaN"/>
                <entry key="column_max" type="xdouble" value="NaN"/>
            </config>
            <config key="monthly_calls_min">
                <entry key="column_name" type="xstring" value="monthly_calls_min"/>
                <entry key="column_scale" type="xdouble" value="0.003304221180863645"/>
                <entry key="column_translate" type="xdouble" value="-1.5439616273774692"/>
                <entry key="column_min" type="xdouble" value="NaN"/>
                <entry key="column_max" type="xdouble" value="NaN"/>
            </config>
            <config key="Postpaid_plan_type">
                <entry key="column_name" type="xstring" value="Postpaid_plan_type"/>
                <entry key="column_scale" type="xdouble" value="2.4328916672155336"/>
                <entry key="column_translate" type="xdouble" value="-0.5190168890059804"/>
                <entry key="column_min" type="xdouble" value="NaN"/>
                <entry key="column_max" type="xdouble" value="NaN"/>
            </config>
            <config key="Basic_plan_type">
                <entry key="column_name" type="xstring" value="Basic_plan_type"/>
                <entry key="column_scale" type="xdouble" value="2.9319198225998346"/>
                <entry key="column_translate" type="xdouble" value="-0.3909226430133117"/>
                <entry key="column_min" type="xdouble" value="NaN"/>
                <entry key="column_max" type="xdouble" value="NaN"/>
            </config>
            <config key="Unlimited_plan_type">
                <entry key="column_name" type="xstring" value="Unlimited_plan_type"/>
                <entry key="column_scale" type="xdouble" value="2.4059625493044954"/>
                <entry key="column_translate" type="xdouble" value="-0.5293117608469888"/>
                <entry key="column_min" type="xdouble" value="NaN"/>
                <entry key="column_max" type="xdouble" value="NaN"/>
            </config>
            <config key="Premium_plan_type">
                <entry key="column_name" type="xstring" value="Premium_plan_type"/>
                <entry key="column_scale" type="xdouble" value="2.2363181389345375"/>
                <entry key="column_translate" type="xdouble" value="-0.6112602913087738"/>
                <entry key="column_min" type="xdouble" value="NaN"/>
                <entry key="column_max" type="xdouble" value="NaN"/>
            </config>
            <config key="Prepaid_plan_type">
                <entry key="column_name" type="xstring" value="Prepaid_plan_type"/>
                <entry key="column_scale" type="xdouble" value="2.7186160111117226"/>
                <entry key="column_translate" type="xdouble" value="-0.4349785617778755"/>
                <entry key="column_min" type="xdouble" value="NaN"/>
                <entry key="column_max" type="xdouble" value="NaN"/>
            </config>
            <config key="Social_app_category">
                <entry key="column_name" type="xstring" value="Social_app_category"/>
                <entry key="column_scale" type="xdouble" value="2.931919822599835"/>
                <entry key="column_translate" type="xdouble" value="-0.39092264301331164"/>
                <entry key="column_min" type="xdouble" value="NaN"/>
                <entry key="column_max" type="xdouble" value="NaN"/>
            </config>
            <config key="Utility_app_category">
                <entry key="column_name" type="xstring" value="Utility_app_category"/>
                <entry key="column_scale" type="xdouble" value="2.3336465955128123"/>
                <entry key="column_translate" type="xdouble" value="-0.560075182923075"/>
                <entry key="column_min" type="xdouble" value="NaN"/>
                <entry key="column_max" type="xdouble" value="NaN"/>
            </config>
            <config key="Streaming_app_category">
                <entry key="column_name" type="xstring" value="Streaming_app_category"/>
                <entry key="column_scale" type="xdouble" value="2.6329417262816572"/>
                <entry key="column_translate" type="xdouble" value="-0.45637656588882075"/>
                <entry key="column_min" type="xdouble" value="NaN"/>
                <entry key="column_max" type="xdouble" value="NaN"/>
            </config>
            <config key="Gaming_app_category">
                <entry key="column_name" type="xstring" value="Gaming_app_category"/>
                <entry key="column_scale" type="xdouble" value="2.3336465955128114"/>
                <entry key="column_translate" type="xdouble" value="-0.560075182923075"/>
                <entry key="column_min" type="xdouble" value="NaN"/>
                <entry key="column_max" type="xdouble" value="NaN"/>
            </config>
            <config key="Shopping_app_category">
                <entry key="column_name" type="xstring" value="Shopping_app_category"/>
                <entry key="column_scale" type="xdouble" value="2.432891667215533"/>
                <entry key="column_translate" type="xdouble" value="-0.5190168890059805"/>
                <entry key="column_min" type="xdouble" value="NaN"/>
                <entry key="column_max" type="xdouble" value="NaN"/>
            </config>
            <config key="Feature_device_type">
                <entry key="column_name" type="xstring" value="Feature_device_type"/>
                <entry key="column_scale" type="xdouble" value="2.2915954648314547"/>
                <entry key="column_translate" type="xdouble" value="-0.5805375177573019"/>
                <entry key="column_min" type="xdouble" value="NaN"/>
                <entry key="column_max" type="xdouble" value="NaN"/>
            </config>
            <config key="iOS_device_type">
                <entry key="column_name" type="xstring" value="iOS_device_type"/>
                <entry key="column_scale" type="xdouble" value="2.148677432213831"/>
                <entry key="column_translate" type="xdouble" value="-0.673252262093667"/>
                <entry key="column_min" type="xdouble" value="NaN"/>
                <entry key="column_max" type="xdouble" value="NaN"/>
            </config>
            <config key="Android_device_type">
                <entry key="column_name" type="xstring" value="Android_device_type"/>
                <entry key="column_scale" type="xdouble" value="2.0112804053085886"/>
                <entry key="column_translate" type="xdouble" value="-0.8715548423003886"/>
                <entry key="column_min" type="xdouble" value="NaN"/>
                <entry key="column_max" type="xdouble" value="NaN"/>
            </config>
            <config key="Chennai_region_x">
                <entry key="column_name" type="xstring" value="Chennai_region_x"/>
                <entry key="column_scale" type="xdouble" value="2.136574590411521"/>
                <entry key="column_translate" type="xdouble" value="-0.6837038689316864"/>
                <entry key="column_min" type="xdouble" value="NaN"/>
                <entry key="column_max" type="xdouble" value="NaN"/>
            </config>
            <config key="Hyderabad_region_x">
                <entry key="column_name" type="xstring" value="Hyderabad_region_x"/>
                <entry key="column_scale" type="xdouble" value="2.1890692117249566"/>
                <entry key="column_translate" type="xdouble" value="-0.6421269687726538"/>
                <entry key="column_min" type="xdouble" value="NaN"/>
                <entry key="column_max" type="xdouble" value="NaN"/>
            </config>
            <config key="Bangalore_region_x">
                <entry key="column_name" type="xstring" value="Bangalore_region_x"/>
                <entry key="column_scale" type="xdouble" value="2.5237543448522173"/>
                <entry key="column_translate" type="xdouble" value="-0.487925840004762"/>
                <entry key="column_min" type="xdouble" value="NaN"/>
                <entry key="column_max" type="xdouble" value="NaN"/>
            </config>
            <config key="Mumbai_region_x">
                <entry key="column_name" type="xstring" value="Mumbai_region_x"/>
                <entry key="column_scale" type="xdouble" value="3.144043039500675"/>
                <entry key="column_translate" type="xdouble" value="-0.3563248778100765"/>
                <entry key="column_min" type="xdouble" value="NaN"/>
                <entry key="column_max" type="xdouble" value="NaN"/>
            </config>
            <config key="Delhi_region_x">
                <entry key="column_name" type="xstring" value="Delhi_region_x"/>
                <entry key="column_scale" type="xdouble" value="3.673741527597473"/>
                <entry key="column_translate" type="xdouble" value="-0.29389932220779774"/>
                <entry key="column_min" type="xdouble" value="NaN"/>
                <entry key="column_max" type="xdouble" value="NaN"/>
            </config>
            <config key="Female_gender">
                <entry key="column_name" type="xstring" value="Female_gender"/>
                <entry key="column_scale" type="xdouble" value="2.4614126946205834"/>
                <entry key="column_translate" type="xdouble" value="-1.9527207377323308"/>
                <entry key="column_min" type="xdouble" value="NaN"/>
                <entry key="column_max" type="xdouble" value="NaN"/>
            </config>
            <config key="Male_gender">
                <entry key="column_name" type="xstring" value="Male_gender"/>
                <entry key="column_scale" type="xdouble" value="2.461412694620583"/>
                <entry key="column_translate" type="xdouble" value="-0.5086919568882542"/>
                <entry key="column_min" type="xdouble" value="NaN"/>
                <entry key="column_max" type="xdouble" value="NaN"/>
            </config>
            <config key="UPI_payment_mode">
                <entry key="column_name" type="xstring" value="UPI_payment_mode"/>
                <entry key="column_scale" type="xdouble" value="2.2537846956942125"/>
                <entry key="column_translate" type="xdouble" value="-1.6527754435090893"/>
                <entry key="column_min" type="xdouble" value="NaN"/>
                <entry key="column_max" type="xdouble" value="NaN"/>
            </config>
            <config key="Wallet_payment_mode">
                <entry key="column_name" type="xstring" value="Wallet_payment_mode"/>
                <entry key="column_scale" type="xdouble" value="3.322203641716901"/>
                <entry key="column_translate" type="xdouble" value="-0.33222036417169004"/>
                <entry key="column_min" type="xdouble" value="NaN"/>
                <entry key="column_max" type="xdouble" value="NaN"/>
            </config>
            <config key="Cash_payment_mode">
                <entry key="column_name" type="xstring" value="Cash_payment_mode"/>
                <entry key="column_scale" type="xdouble" value="3.823270457539946"/>
                <entry key="column_translate" type="xdouble" value="-0.2803731668862628"/>
                <entry key="column_min" type="xdouble" value="NaN"/>
                <entry key="column_max" type="xdouble" value="NaN"/>
            </config>
            <config key="Card_payment_mode">
                <entry key="column_name" type="xstring" value="Card_payment_mode"/>
                <entry key="column_scale" type="xdouble" value="3.4261414708314746"/>
                <entry key="column_translate" type="xdouble" value="-0.31977320394427095"/>
                <entry key="column_min" type="xdouble" value="NaN"/>
                <entry key="column_max" type="xdouble" value="NaN"/>
            </config>
            <config key="Retail Store_recharge_channel">
                <entry key="column_name" type="xstring" value="Retail Store_recharge_channel"/>
                <entry key="column_scale" type="xdouble" value="2.333646595512812"/>
                <entry key="column_translate" type="xdouble" value="-1.773571412589736"/>
                <entry key="column_min" type="xdouble" value="NaN"/>
                <entry key="column_max" type="xdouble" value="NaN"/>
            </config>
            <config key="App_recharge_channel">
                <entry key="column_name" type="xstring" value="App_recharge_channel"/>
                <entry key="column_scale" type="xdouble" value="2.817230869617765"/>
                <entry key="column_translate" type="xdouble" value="-0.4131938608772724"/>
                <entry key="column_min" type="xdouble" value="NaN"/>
                <entry key="column_max" type="xdouble" value="NaN"/>
            </config>
            <config key="Website_recharge_channel">
                <entry key="column_name" type="xstring" value="Website_recharge_channel"/>
                <entry key="column_scale" type="xdouble" value="3.4261414708314746"/>
                <entry key="column_translate" type="xdouble" value="-0.319773203944271"/>
                <entry key="column_min" type="xdouble" value="NaN"/>
                <entry key="column_max" type="xdouble" value="NaN"/>
            </config>
            <config key="No_successful">
                <entry key="column_name" type="xstring" value="No_successful"/>
                <entry key="column_scale" type="xdouble" value="2.594205202434776"/>
                <entry key="column_translate" type="xdouble" value="-2.1272482659965166"/>
                <entry key="column_min" type="xdouble" value="NaN"/>
                <entry key="column_max" type="xdouble" value="NaN"/>
            </config>
            <config key="Yes_successful">
                <entry key="column_name" type="xstring" value="Yes_successful"/>
                <entry key="column_scale" type="xdouble" value="2.594205202434776"/>
                <entry key="column_translate" type="xdouble" value="-0.46695693643826"/>
                <entry key="column_min" type="xdouble" value="NaN"/>
                <entry key="column_max" type="xdouble" value="NaN"/>
            </config>
            <config key="Regular_plan_category">
                <entry key="column_name" type="xstring" value="Regular_plan_category"/>
                <entry key="column_scale" type="xdouble" value="2.4328916672155336"/>
                <entry key="column_translate" type="xdouble" value="-0.5190168890059804"/>
                <entry key="column_min" type="xdouble" value="NaN"/>
                <entry key="column_max" type="xdouble" value="NaN"/>
            </config>
            <config key="Economy_plan_category">
                <entry key="column_name" type="xstring" value="Economy_plan_category"/>
                <entry key="column_scale" type="xdouble" value="2.9319198225998346"/>
                <entry key="column_translate" type="xdouble" value="-0.3909226430133117"/>
                <entry key="column_min" type="xdouble" value="NaN"/>
                <entry key="column_max" type="xdouble" value="NaN"/>
            </config>
            <config key="Ultra_plan_category">
                <entry key="column_name" type="xstring" value="Ultra_plan_category"/>
                <entry key="column_scale" type="xdouble" value="2.4059625493044954"/>
                <entry key="column_translate" type="xdouble" value="-0.5293117608469888"/>
                <entry key="column_min" type="xdouble" value="NaN"/>
                <entry key="column_max" type="xdouble" value="NaN"/>
            </config>
            <config key="Advanced_plan_category">
                <entry key="column_name" type="xstring" value="Advanced_plan_category"/>
                <entry key="column_scale" type="xdouble" value="2.2363181389345375"/>
                <entry key="column_translate" type="xdouble" value="-0.6112602913087738"/>
                <entry key="column_min" type="xdouble" value="NaN"/>
                <entry key="column_max" type="xdouble" value="NaN"/>
            </config>
            <config key="Standard_plan_category">
                <entry key="column_name" type="xstring" value="Standard_plan_category"/>
                <entry key="column_scale" type="xdouble" value="2.7186160111117226"/>
                <entry key="column_translate" type="xdouble" value="-0.4349785617778755"/>
                <entry key="column_min" type="xdouble" value="NaN"/>
                <entry key="column_max" type="xdouble" value="NaN"/>
            </config>
            <config key="20% Cashback_promo_offer">
                <entry key="column_name" type="xstring" value="20% Cashback_promo_offer"/>
                <entry key="column_scale" type="xdouble" value="2.4328916672155336"/>
                <entry key="column_translate" type="xdouble" value="-0.5190168890059804"/>
                <entry key="column_min" type="xdouble" value="NaN"/>
                <entry key="column_max" type="xdouble" value="NaN"/>
            </config>
            <config key="10% Off_promo_offer">
                <entry key="column_name" type="xstring" value="10% Off_promo_offer"/>
                <entry key="column_scale" type="xdouble" value="2.9319198225998346"/>
                <entry key="column_translate" type="xdouble" value="-0.3909226430133117"/>
                <entry key="column_min" type="xdouble" value="NaN"/>
                <entry key="column_max" type="xdouble" value="NaN"/>
            </config>
            <config key="5G Access_promo_offer">
                <entry key="column_name" type="xstring" value="5G Access_promo_offer"/>
                <entry key="column_scale" type="xdouble" value="2.4059625493044954"/>
                <entry key="column_translate" type="xdouble" value="-0.5293117608469888"/>
                <entry key="column_min" type="xdouble" value="NaN"/>
                <entry key="column_max" type="xdouble" value="NaN"/>
            </config>
            <config key="Free OTT_promo_offer">
                <entry key="column_name" type="xstring" value="Free OTT_promo_offer"/>
                <entry key="column_scale" type="xdouble" value="2.2363181389345375"/>
                <entry key="column_translate" type="xdouble" value="-0.6112602913087738"/>
                <entry key="column_min" type="xdouble" value="NaN"/>
                <entry key="column_max" type="xdouble" value="NaN"/>
            </config>
            <config key="15% Off_promo_offer">
                <entry key="column_name" type="xstring" value="15% Off_promo_offer"/>
                <entry key="column_scale" type="xdouble" value="2.7186160111117226"/>
                <entry key="column_translate" type="xdouble" value="-0.4349785617778755"/>
                <entry key="column_min" type="xdouble" value="NaN"/>
                <entry key="column_max" type="xdouble" value="NaN"/>
            </config>
            <config key="3G_network_type">
                <entry key="column_name" type="xstring" value="3G_network_type"/>
                <entry key="column_scale" type="xdouble" value="2.272191709089522"/>
                <entry key="column_translate" type="xdouble" value="-0.5907698443632764"/>
                <entry key="column_min" type="xdouble" value="NaN"/>
                <entry key="column_max" type="xdouble" value="NaN"/>
            </config>
            <config key="4G_network_type">
                <entry key="column_name" type="xstring" value="4G_network_type"/>
                <entry key="column_scale" type="xdouble" value="2.034425935955617"/>
                <entry key="column_translate" type="xdouble" value="-0.813770374382247"/>
                <entry key="column_min" type="xdouble" value="NaN"/>
                <entry key="column_max" type="xdouble" value="NaN"/>
            </config>
            <config key="5G_network_type">
                <entry key="column_name" type="xstring" value="5G_network_type"/>
                <entry key="column_scale" type="xdouble" value="2.1039532153784903"/>
                <entry key="column_translate" type="xdouble" value="-0.7153440932286868"/>
                <entry key="column_min" type="xdouble" value="NaN"/>
                <entry key="column_max" type="xdouble" value="NaN"/>
            </config>
            <config key="No_outage_flag">
                <entry key="column_name" type="xstring" value="No_outage_flag"/>
                <entry key="column_scale" type="xdouble" value="1.9949187589224922"/>
                <entry key="column_translate" type="xdouble" value="-1.0373577546396957"/>
                <entry key="column_min" type="xdouble" value="NaN"/>
                <entry key="column_max" type="xdouble" value="NaN"/>
            </config>
            <config key="Yes_outage_flag">
                <entry key="column_name" type="xstring" value="Yes_outage_flag"/>
                <entry key="column_scale" type="xdouble" value="1.9949187589224922"/>
                <entry key="column_translate" type="xdouble" value="-0.9575610042827962"/>
                <entry key="column_min" type="xdouble" value="NaN"/>
                <entry key="column_max" type="xdouble" value="NaN"/>
            </config>
            <config key="Medium_usage_category">
                <entry key="column_name" type="xstring" value="Medium_usage_category"/>
                <entry key="column_scale" type="xdouble" value="2.4328916672155336"/>
                <entry key="column_translate" type="xdouble" value="-0.5190168890059806"/>
                <entry key="column_min" type="xdouble" value="NaN"/>
                <entry key="column_max" type="xdouble" value="NaN"/>
            </config>
            <config key="High_usage_category">
                <entry key="column_name" type="xstring" value="High_usage_category"/>
                <entry key="column_scale" type="xdouble" value="2.161439969667193"/>
                <entry key="column_translate" type="xdouble" value="-1.4985983789692539"/>
                <entry key="column_min" type="xdouble" value="NaN"/>
                <entry key="column_max" type="xdouble" value="NaN"/>
            </config>
            <config key="Low_usage_category">
                <entry key="column_name" type="xstring" value="Low_usage_category"/>
                <entry key="column_scale" type="xdouble" value="3.4261414708314746"/>
                <entry key="column_translate" type="xdouble" value="-0.31977320394427106"/>
                <entry key="column_min" type="xdouble" value="NaN"/>
                <entry key="column_max" type="xdouble" value="NaN"/>
            </config>
        </config>
        <entry key="summary" type="xstring" value="Z-Score (Gaussian) normalization on 64 column(s)"/>
    </config>
</config>
